userID,1st,2nd,3rd,4th,5th
2,51,72,55,67,56
3,67,418,289,103,55
4,154,51,157,701,190
5,190,154,203,173,227
6,265,257,289,67,285
7,89,289,67,257,292
8,289,89,292,67,288
9,378,455,289,486,498
10,154,229,207,190,424
11,289,292,67,89,455
12,378,486,455,498,289
13,498,67,289,333,55
14,592,163,1535,917,562
15,227,154,190,207,533
16,89,289,292,67,288
17,498,289,67,466,461
18,72,511,190,227,707
20,163,56,512,88,757
21,289,89,67,288,292
22,503,830,815,188,806
23,72,511,51,227,159
24,67,289,55,89,292
25,289,67,89,292,288
26,511,917,918,922,707
27,701,67,289,614,89
28,72,51,159,511,190
29,89,289,466,288,292
30,289,461,89,288,67
31,56,67,55,1001,72
32,190,173,227,154,72
33,188,1098,154,614,920
34,72,163,227,511,173
35,227,212,163,920,188
36,687,498,1047,816,209
37,233,1098,599,72,2026
38,679,289,533,227,229
39,917,918,1274,841,707
40,72,1297,1066,11303,1303
41,917,918,922,592,1369
42,190,289,154,498,229
43,89,190,289,207,377
44,614,67,707,163,227
45,288,89,289,461,292
46,288,289,89,292,300
47,289,67,89,292,288
48,67,289,55,89,292
49,461,289,67,498,701
50,533,227,190,207,154
51,917,918,707,1104,923
52,1541,816,498,190,377
53,288,300,289,89,292
54,289,67,89,292,288
55,475,288,331,1444,89
56,72,424,932,227,207
57,89,498,289,344,378
58,289,67,292,89,288
59,233,1104,614,1246,72
60,418,154,416,1098,898
61,163,1244,227,154,65
62,72,51,190,511,173
63,51,917,918,163,203
64,1394,3413,1396,51,154
65,209,816,498,830,488
66,72,51,1001,511,173
68,89,67,289,292,288
69,1098,154,429,72,441
70,475,207,614,173,190
71,917,918,707,920,1249
72,292,89,289,67,288
73,51,72,159,190,511
74,157,701,461,289,544
75,498,292,89,289,288
76,2102,289,89,292,288
77,207,227,190,154,1512
78,603,757,748,154,1983
79,157,701,289,292,544
80,816,1541,195,498,1180
81,2179,475,3227,2236,1868
82,154,622,418,227,190
83,163,154,227,614,959
84,917,1249,918,923,1244
85,190,233,512,504,154
86,707,377,498,503,190
87,289,292,67,89,288
88,154,227,190,199,65
89,701,289,498,89,466
90,190,511,227,498,154
91,475,599,2026,72,875
92,89,289,67,292,288
94,72,533,227,154,207
95,498,289,292,67,466
96,289,288,67,89,292
97,816,2572,225,207,154
98,289,89,67,292,288
99,157,757,154,504,234
100,203,227,157,154,289
101,707,498,1672,843,1047
102,511,190,154,197,227
103,154,190,475,65,227
104,289,67,378,89,292
105,748,603,744,2673,755
106,412,592,917,1535,207
107,917,918,922,707,1369
108,188,923,841,918,917
109,1249,923,1803,227,1412
110,257,289,679,292,89
111,207,173,190,227,154
112,1,10991,10977,10978,10979
113,498,707,614,917,190
114,227,163,1249,959,1412
115,1244,227,683,694,7
116,475,2179,267,1444,234
117,72,51,511,159,227
118,377,830,498,614,816
119,188,1339,923,367,920
120,344,288,289,291,89
121,289,288,89,67,461
122,227,1244,735,599,2624
123,56,88,207,154,227
124,190,173,486,154,72
125,292,56,227,1249,959
126,89,289,288,292,486
127,89,486,533,289,292
128,72,51,159,511,190
129,89,289,67,292,288
130,292,257,289,295,378
131,154,190,418,227,757
132,288,289,461,89,295
133,289,292,498,288,89
134,289,292,67,89,55
135,292,289,55,67,89
136,289,292,67,89,288
137,701,55,289,56,67
139,498,1672,486,378,461
140,190,154,203,65,207
141,72,89,227,289,67
142,67,289,55,89,292
143,511,614,157,701,72
144,292,89,289,67,288
145,300,289,89,344,288
146,288,289,89,67,292
147,289,67,89,288,292
148,436,63,233,429,154
149,498,486,461,289,89
150,289,257,89,295,292
151,498,378,461,289,190
152,289,498,461,89,466
153,190,154,51,159,498
154,486,830,227,498,917
155,599,72,51,159,441
156,207,154,190,227,533
157,917,300,289,89,288
158,679,289,498,89,461
159,67,292,289,288,72
161,1104,1541,63,498,1246
162,289,378,455,89,67
163,344,1459,288,289,89
164,614,190,163,1131,154
166,227,173,51,159,72
168,154,748,88,190,227
170,917,614,154,707,843
171,154,190,207,227,65
172,173,903,154,289,72
173,903,207,227,154,439
174,511,694,65,683,190
175,344,679,289,498,288
176,51,72,190,173,511
177,917,2624,918,227,436
178,917,188,918,163,922
179,289,89,67,292,288
180,56,51,159,72,154
181,190,498,1104,154,1541
182,3859,1602,15347,1470,190
183,67,289,511,154,163
184,72,378,89,173,289
185,72,51,159,511,173
186,378,455,486,289,498
187,72,51,599,159,65
188,2342,3470,163,1372,917
189,498,486,614,378,461
190,289,67,292,89,288
191,51,187,63,72,190
192,8292,4003,1541,2586,1568
193,56,163,51,53,55
194,1098,154,614,418,72
195,227,735,154,207,533
196,498,190,154,1541,207
198,498,614,1541,1672,190
200,511,163,63,227,65
201,89,378,190,289,67
202,917,932,918,923,922
203,2940,498,1541,190,475
204,195,1672,4189,1239,227
205,498,190,209,1541,461
206,207,227,302,190,173
207,89,903,289,687,292
208,917,918,707,841,1360
209,289,292,67,498,288
210,173,72,289,1505,190
211,72,190,154,51,486
212,917,918,957,188,942
213,207,412,163,1672,229
214,67,289,292,89,55
215,614,88,868,163,1131
216,72,89,51,173,511
217,2624,227,917,436,1426
218,227,868,163,707,154
219,498,461,190,289,300
220,203,154,207,190,234
223,289,288,292,291,89
224,72,51,159,157,187
225,1541,300,498,917,190
226,288,289,292,89,67
227,292,89,289,67,257
228,748,615,154,197,227
229,344,288,89,289,300
230,289,89,67,461,378
231,289,288,67,89,292
232,289,89,67,292,257
233,292,89,289,67,288
234,234,377,3227,475,498
235,503,163,917,614,188
236,190,289,295,292,89
237,203,533,614,227,154
238,436,1411,227,2624,190
240,498,288,190,378,289
241,227,188,503,533,707
242,257,89,289,292,288
243,292,89,289,67,288
244,378,190,289,89,486
247,488,830,498,1672,209
248,289,292,288,89,67
249,486,498,378,537,289
250,163,56,2624,227,614
251,439,932,424,227,207
252,89,289,461,292,498
253,289,701,292,67,89
254,1513,498,234,230,412
255,1098,512,154,614,238
256,289,67,292,89,288
257,1297,72,11303,2,978
258,289,89,67,461,288
259,173,72,154,1505,289
260,157,89,289,701,67
261,412,1541,498,190,377
262,72,51,173,511,8388
263,187,51,63,157,72
264,72,51,67,511,173
265,512,707,234,227,3558
266,203,511,533,65,190
267,289,498,89,288,292
268,707,1104,917,1246,1803
269,203,72,229,511,190
270,1186,1047,2840,2524,377
271,289,89,67,292,288
273,378,1541,498,377,190
274,72,51,173,511,157
275,72,51,173,1001,154
277,190,154,498,227,65
278,289,67,292,89,288
279,486,89,289,498,292
280,89,289,292,67,288
281,917,918,922,592,942
282,614,163,1131,152,227
283,3109,51,53,52,55
284,512,614,868,198,982
285,707,439,227,706,198
286,89,289,288,498,292
288,227,707,917,1672,190
289,207,486,227,190,300
290,51,72,159,511,190
291,289,291,466,89,333
292,227,959,154,735,163
293,687,498,227,679,412
294,154,748,190,5358,715
295,163,227,917,1412,614
296,212,718,6452,2902,1513
297,154,190,227,1098,429
298,903,227,439,207,89
299,89,67,207,289,903
300,511,614,1249,708,705
301,89,292,289,288,67
302,292,289,67,89,288
303,159,51,72,228,154
304,72,51,173,511,190
305,89,289,288,292,67
306,72,51,173,511,30
307,70,1098,72,4044,173
308,190,1672,227,707,498
310,292,289,475,89,288
311,225,154,199,416,207
312,89,2102,289,67,288
313,1104,1246,1339,917,188
314,461,378,289,344,498
315,190,227,65,154,207
316,72,707,207,190,227
317,227,163,1244,868,959
318,466,289,89,288,701
319,1195,88,1396,498,412
320,344,51,289,159,288
321,1672,917,918,2343,1369
322,288,289,292,89,466
324,917,918,2342,922,592
325,506,2,518,2446,8262
326,292,289,455,288,89
327,89,288,292,289,67
328,289,89,67,292,288
329,302,289,207,67,292
330,498,679,289,89,461
331,498,300,292,289,89
332,292,289,89,67,257
333,289,67,89,292,288
334,207,227,190,203,154
335,292,289,89,67,288
336,173,72,289,1505,190
337,917,918,930,1369,592
338,289,67,89,288,292
339,289,89,292,67,701
340,289,89,257,292,67
341,1943,2026,82,748,2030
342,72,190,89,903,289
343,917,918,1369,707,922
344,511,72,190,154,961
345,207,154,1048,190,295
346,89,903,289,67,511
347,377,1104,498,486,190
348,461,288,289,89,498
349,498,1541,757,190,1188
350,289,67,55,292,89
351,1034,344,289,466,173
352,89,289,292,67,288
353,89,498,288,289,461
354,292,701,289,89,288
355,288,89,289,486,300
356,1541,498,768,190,464
357,55,154,289,295,67
358,475,418,88,154,1396
359,187,51,63,1886,72
360,2446,3236,910,1705,7152
361,289,292,257,67,89
362,227,190,498,679,540
363,498,190,707,614,1186
364,227,154,190,207,65
365,4123,154,8459,3703,163
366,154,190,227,207,533
367,412,173,1246,498,207
368,416,6205,316,5150,67
369,195,173,207,225,154
370,511,486,533,51,72
371,72,51,173,511,8388
372,498,378,377,486,190
374,51,52,53,55,187
375,289,292,89,67,288
376,917,918,922,592,942
377,190,188,154,498,923
378,157,701,289,227,544
380,288,292,289,295,89
382,2179,475,1444,331,288
383,461,289,190,498,701
385,498,461,89,289,292
386,344,230,56,498,289
387,173,289,67,316,89
388,378,289,455,190,498
390,289,67,288,55,89
391,486,687,498,1180,378
392,292,288,289,679,378
393,227,735,154,207,959
394,163,614,227,717,562
395,1104,1246,917,503,918
396,2044,1104,56,1246,2051
397,72,51,498,511,190
398,227,154,88,903,190
399,288,344,289,89,300
400,466,289,701,288,89
401,498,289,461,89,679
402,227,511,959,163,735
403,289,288,67,292,300
404,230,498,289,377,1047
405,67,289,55,89,292
406,163,188,920,498,227
407,64,154,207,72,190
408,227,533,154,207,190
409,89,289,292,67,288
410,498,289,300,344,89
411,2179,475,1444,6622,288
412,89,289,67,455,292
413,292,289,302,288,67
414,289,67,300,466,89
415,289,89,67,288,292
416,2850,234,603,498,2026
417,89,292,289,67,257
418,89,154,289,67,292
419,288,289,89,67,292
420,792,67,265,55,889
421,288,292,289,67,89
423,51,511,227,72,190
424,707,63,378,187,930
425,289,344,291,292,89
426,63,4230,154,64,187
427,288,331,475,65,1444
428,55,67,289,889,51
430,72,51,159,511,190
431,614,533,207,227,190
432,498,461,190,89,289
433,1104,1246,923,1249,1044
434,748,599,72,234,154
435,1541,498,173,190,377
436,67,289,55,429,89
437,288,461,289,89,544
438,82,3768,30,2667,1066
439,475,1444,701,288,331
440,154,225,72,757,441
441,533,65,190,229,154
442,72,1001,82,51,30
443,227,163,152,2300,920
444,2697,748,2702,3528,2704
446,72,511,51,8388,173
447,748,744,152,5360,7013
449,1412,227,917,1369,163
450,227,163,188,920,614
451,498,289,461,292,466
452,72,51,67,289,55
453,190,157,154,173,533
454,1098,72,2026,154,631
455,190,154,498,512,748
456,333,289,295,288,498
457,89,679,289,930,378
458,486,378,67,227,289
459,1249,917,923,918,707
460,72,418,173,207,154
461,511,51,72,190,65
462,511,868,227,2624,429
463,157,701,1098,289,544
464,533,207,51,159,227
465,190,533,511,154,207
466,292,288,378,289,67
467,265,8281,889,4126,917
468,289,707,67,89,65
469,917,163,918,903,1249
470,292,67,89,289,288
471,227,163,154,959,735
472,89,289,67,300,292
473,289,89,288,67,292
474,289,67,89,292,288
475,227,207,203,229,190
476,533,154,190,377,498
477,292,289,89,288,701
478,498,412,230,461,289
479,289,288,67,89,292
480,51,72,187,159,1001
481,89,289,292,67,498
482,498,486,378,300,289
484,190,67,1104,289,1246
485,614,154,227,959,234
486,292,289,89,67,288
487,498,89,289,333,344
488,207,154,614,190,227
489,203,868,614,163,511
490,89,289,67,292,288
491,707,163,843,917,227
492,959,230,544,227,289
493,72,333,203,289,498
494,498,89,289,461,291
495,292,289,288,701,89
496,190,959,56,163,227
497,289,288,89,67,300
498,289,288,67,89,292
499,72,51,173,511,157
500,748,2673,2691,603,447
501,289,67,89,292,288
502,289,292,288,89,67
503,292,89,289,288,295
504,687,288,209,289,475
506,190,486,207,154,498
507,227,154,429,207,735
508,188,1118,1098,1119,1120
509,190,378,486,498,475
510,288,289,89,498,903
511,154,614,190,511,227
512,1672,503,707,378,498
513,486,207,65,227,154
514,292,289,89,67,257
515,203,51,227,154,190
516,89,227,378,1244,903
517,154,190,227,207,1098
518,289,89,67,292,288
519,917,918,922,1369,707
520,89,190,289,55,67
521,486,498,1186,2850,377
523,227,163,154,868,207
525,498,687,917,816,1180
526,1249,412,707,923,498
527,289,288,89,67,292
529,163,1369,917,227,614
530,72,51,173,511,689
531,289,288,89,344,67
532,412,498,1180,1246,1541
533,292,265,340,302,67
534,89,701,289,475,295
535,292,89,378,289,257
536,89,511,227,289,67
537,292,679,289,498,461
538,89,344,289,288,466
539,72,486,511,233,51
540,72,51,67,289,173
541,163,614,717,227,2136
542,679,289,498,544,89
543,190,72,511,89,154
544,498,1400,65,190,461
545,289,209,378,190,288
546,227,1104,917,1249,188
547,614,917,918,163,436
548,614,1131,233,917,188
549,163,227,203,614,717
550,917,707,1104,918,1412
551,288,498,1672,289,300
552,1706,1116,162,5063,14687
553,157,701,289,67,544
555,89,288,289,292,295
556,418,65,154,190,511
557,498,614,173,72,159
558,701,292,340,289,302
559,511,190,163,72,51
560,203,533,72,154,227
561,267,289,288,295,466
562,511,51,72,344,3588
563,163,227,728,7056,197
565,72,67,51,289,173
566,72,51,173,511,8388
567,227,173,154,190,65
568,72,89,289,257,67
569,257,288,289,292,89
570,475,1444,701,288,331
571,289,89,67,292,55
572,289,67,89,55,292
573,292,2179,475,903,289
574,498,486,377,461,289
575,72,292,289,288,67
576,51,159,72,190,511
577,51,203,72,159,187
578,461,289,498,300,89
579,923,841,707,917,843
580,614,1131,163,230,188
581,289,89,292,295,67
582,1541,498,190,377,1188
583,486,173,190,498,289
584,701,289,466,55,291
585,227,378,173,475,289
586,12,4271,841,707,2749
587,503,188,830,806,804
589,292,802,288,289,344
590,89,289,288,300,292
592,292,190,51,289,89
593,498,289,344,701,288
594,918,917,220,190,227
595,917,918,592,707,163
596,72,51,511,173,30
598,289,67,89,292,288
601,65,190,154,498,227
602,152,412,614,163,1116
603,707,227,843,917,198
604,289,67,378,89,55
605,207,599,72,234,56
606,154,614,190,227,1131
607,841,917,1547,918,592
608,227,1244,1242,157,163
609,289,292,288,67,89
611,1062,4308,58,1072,1672
612,55,289,67,89,292
613,868,227,163,418,154
614,1672,498,377,707,230
615,1,10991,10977,10978,10979
616,917,1672,918,841,592
617,72,295,89,289,288
618,959,227,383,4821,706
619,207,190,227,154,533
620,498,378,89,288,289
621,289,67,89,288,292
622,154,498,203,511,190
623,190,203,154,614,188
624,72,154,1249,51,1001
625,89,154,289,65,190
627,917,918,922,63,959
628,72,190,207,154,65
629,227,163,207,154,190
631,207,190,707,154,227
632,289,292,67,89,288
633,498,1672,190,1541,220
634,344,289,288,89,498
635,511,227,190,154,207
636,289,701,292,157,67
637,614,917,735,227,1249
638,289,67,89,292,288
639,64,67,757,107,154
640,2343,917,227,2342,163
641,289,498,1047,300,89
642,511,1244,265,227,51
643,89,288,289,157,67
644,190,163,1109,154,3502
645,903,227,2044,289,207
646,498,289,89,461,344
647,203,154,418,190,1098
649,614,190,707,498,377
650,72,289,51,173,288
651,289,67,89,55,292
652,203,154,503,190,1672
654,498,163,707,65,190
655,288,289,67,89,292
656,72,227,51,511,67
657,377,190,498,758,289
658,72,51,227,511,173
659,55,289,67,2102,89
660,67,55,3570,1464,289
661,196,163,717,154,4675
662,679,289,498,89,704
663,375,289,518,89,378
664,154,418,190,227,196
665,72,511,51,173,8388
666,72,190,227,51,154
667,289,67,89,288,292
668,498,707,533,1249,227
669,498,89,289,288,466
670,903,207,289,227,1048
671,679,289,498,89,461
672,56,412,498,816,190
673,982,533,1672,498,707
674,89,289,292,67,288
675,289,67,89,288,55
676,707,227,614,198,163
677,289,67,89,917,292
678,511,1249,157,707,917
679,289,89,67,55,288
680,289,461,288,89,498
681,209,154,333,289,498
682,344,289,498,288,300
683,51,72,159,511,190
684,288,289,89,300,292
685,89,344,289,707,614
686,72,51,173,511,227
687,599,72,51,159,227
688,511,190,227,289,89
689,89,289,67,292,288
690,67,292,289,89,55
691,292,498,289,89,67
692,227,157,1244,735,154
693,195,225,154,223,190
694,72,51,159,511,190
695,154,163,190,227,65
696,227,1249,959,163,735
697,748,2673,603,154,64
698,257,378,289,67,288
699,72,51,227,511,159
700,289,89,344,288,295
701,89,289,288,292,67
702,289,292,89,67,295
703,288,289,300,466,89
704,475,1444,701,288,331
705,289,257,300,89,292
706,234,72,498,2850,227
707,302,717,289,1459,292
708,917,918,1369,922,841
709,1249,2343,2342,917,163
710,190,436,154,72,234
711,917,707,918,378,163
712,1048,207,533,190,154
713,289,288,89,67,292
714,72,51,159,511,190
715,163,917,707,1369,918
716,498,486,687,1541,190
717,292,289,67,89,288
718,154,207,190,1098,227
719,163,917,2342,614,2343
720,227,917,188,1249,163
721,6410,154,1944,227,3700
722,289,67,89,461,288
723,292,289,344,89,67
725,163,72,1104,63,614
726,288,295,289,89,292
727,234,245,250,227,154
728,72,51,159,154,229
729,72,173,51,190,159
730,289,67,292,227,89
731,707,503,917,188,918
732,67,289,55,486,701
733,1047,498,300,230,289
734,190,227,707,198,154
735,917,289,157,378,792
736,302,190,289,377,292
737,227,614,154,475,173
738,917,707,227,918,163
739,300,289,333,89,498
741,498,486,190,377,1541
742,89,289,292,67,288
743,89,67,289,344,292
744,475,701,288,289,1444
745,300,288,1571,1572,478
746,498,190,503,830,1541
747,1541,498,816,1868,1180
749,289,461,89,67,498
750,154,233,190,614,227
751,378,475,614,234,230
752,412,207,816,498,229
753,157,344,257,959,227
754,227,511,614,163,154
756,227,203,207,154,190
757,289,67,89,701,292
758,533,344,227,154,289
759,154,511,544,289,229
760,227,959,207,735,154
761,56,72,51,1083,1014
762,72,51,511,173,159
763,498,378,486,190,377
764,533,903,959,227,498
765,154,225,227,757,207
767,72,51,511,173,8388
768,498,289,89,461,67
769,227,533,207,154,190
770,89,498,289,701,67
771,301,257,289,288,295
772,1369,917,918,923,227
773,227,154,163,190,207
776,475,707,234,227,220
777,55,599,67,289,72
778,498,257,289,292,67
779,72,67,511,289,51
780,1001,72,378,51,82
781,288,289,300,89,701
782,89,748,289,1098,67
784,154,190,227,65,207
785,599,227,72,154,51
786,88,1104,1246,154,1396
787,687,207,498,190,540
788,227,533,154,207,190
789,292,475,289,295,2179
790,498,89,344,289,288
791,511,72,203,486,51
792,1672,498,230,1246,190
793,289,67,89,292,55
794,511,533,207,65,227
795,289,67,89,292,55
797,344,89,288,289,300
798,821,923,812,917,1347
799,511,51,72,159,154
800,1672,917,163,614,918
801,157,701,292,289,340
802,72,441,51,173,30
804,289,455,295,378,89
805,163,154,748,65,227
806,190,377,498,1541,154
807,375,3324,2102,89,289
808,288,289,300,89,466
809,289,89,67,292,288
810,333,289,498,89,292
812,1672,1104,377,1246,498
813,903,227,1400,154,65
814,498,300,289,461,687
815,288,289,498,89,67
816,292,289,701,300,89
817,511,533,51,190,72
818,190,207,154,65,498
819,289,67,89,292,288
820,578,10333,13912,13913,5169
821,72,190,418,65,154
822,227,475,701,1444,288
823,209,599,72,227,190
824,227,190,207,154,65
825,203,439,903,2544,227
826,701,89,289,466,300
827,1369,917,707,706,918
828,614,959,917,163,1369
829,195,154,190,227,207
830,89,288,289,67,461
831,72,67,511,289,903
832,72,190,917,188,51
834,1104,1246,1186,289,923
835,1249,227,923,1803,959
836,701,257,289,292,67
837,154,190,1098,227,748
838,72,203,1098,173,154
839,503,475,377,498,830
840,614,1131,163,475,2479
841,498,461,190,289,1541
842,1943,603,748,107,3685
843,412,230,498,207,229
844,89,227,190,289,498
845,918,503,917,188,923
846,173,2026,72,757,2624
847,288,701,289,302,89
848,154,6410,429,416,898
849,207,190,154,227,229
850,72,1001,51,30,1104
851,89,498,289,288,292
852,289,292,67,288,89
853,378,289,292,701,291
854,830,498,1541,503,9761
855,207,429,72,154,441
856,154,227,614,173,163
858,157,701,292,289,544
859,89,288,289,511,67
860,917,614,163,1131,152
861,289,89,300,288,67
862,466,289,1034,701,89
863,89,190,227,154,903
864,289,190,89,679,67
865,72,707,1249,917,706
868,486,190,378,289,498
869,917,918,922,707,592
870,1249,227,923,163,1803
871,233,227,917,154,188
873,289,89,67,292,288
874,190,486,173,154,72
875,289,89,543,67,288
876,599,234,227,51,72
877,917,918,1369,841,707
878,289,288,89,300,67
881,439,498,1246,154,903
882,89,289,701,292,67
884,295,289,89,288,292
885,289,67,89,292,288
886,378,72,455,486,289
887,163,188,152,614,920
888,498,289,378,63,518
889,56,163,533,227,154
890,959,227,163,706,917
891,7,614,920,1244,748
893,1104,1246,198,207,190
895,163,707,227,917,614
896,227,1672,65,475,190
897,163,234,227,614,154
898,67,289,292,55,89
899,687,498,540,1246,289
900,289,89,1904,67,292
903,190,917,1104,923,1249
904,190,511,498,154,51
905,89,289,67,498,288
906,289,67,89,292,288
907,227,163,533,154,959
908,930,378,518,289,6077
909,289,67,89,1104,292
910,292,289,295,89,67
911,289,89,67,292,288
912,163,707,227,614,1249
913,190,154,498,207,65
914,917,614,932,498,707
915,2179,932,439,475,227
916,289,288,67,89,292
917,436,190,154,173,72
919,190,154,207,227,65
920,209,1246,498,537,1104
921,475,234,1444,701,288
922,173,72,51,190,154
924,257,289,292,295,89
925,614,154,533,233,1098
926,209,45,1394,72,3413
927,512,486,498,7,378
928,744,603,748,616,154
929,289,518,157,1249,378
930,498,89,289,461,466
931,707,1249,923,917,918
932,187,63,72,51,157
933,614,207,533,190,229
934,190,227,614,163,207
935,72,82,30,3768,1001
936,748,603,744,2673,154
938,378,455,498,486,289
939,498,1672,486,257,377
940,190,154,429,227,72
941,89,544,289,157,292
942,89,289,292,288,67
943,163,56,227,1400,220
946,687,498,540,481,190
948,152,614,163,6205,154
949,1541,498,1868,2210,1188
950,917,227,918,922,163
951,512,72,378,233,209
952,289,67,207,89,292
953,498,227,289,679,288
954,89,289,67,292,72
955,67,72,511,289,55
957,475,1444,2179,288,331
958,288,289,291,475,89
959,72,89,511,51,289
960,288,331,475,1444,377
961,898,344,1672,418,154
962,163,227,614,2624,1110
963,289,55,67,89,292
964,227,533,89,207,163
965,289,67,89,288,292
966,288,89,289,498,67
967,498,439,190,461,486
968,1400,227,154,234,207
969,378,292,67,289,344
971,498,65,687,190,289
972,154,418,190,227,1098
975,288,289,190,498,333
976,498,173,461,289,190
977,227,220,190,614,154
978,152,614,163,920,188
979,707,1249,843,917,227
980,72,11520,17960,1953,17961
981,217,498,207,540,154
982,67,289,55,89,292
984,89,289,701,300,288
985,292,67,289,288,89
986,1672,498,377,190,707
987,89,289,295,292,288
989,203,227,207,439,154
990,203,154,227,190,65
991,163,533,614,154,227
993,412,207,225,498,173
994,89,418,190,289,1098
995,344,498,289,288,461
996,1886,163,13947,2840,227
997,154,190,227,436,233
998,292,257,289,89,1904
999,486,461,679,498,289
1001,67,289,511,89,344
1002,89,289,67,295,292
1003,289,51,67,157,903
1004,159,51,72,154,511
1005,3502,292,288,1975,289
1006,154,55,289,67,65
1007,455,378,344,3588,289
1008,65,154,190,418,227
1009,190,229,498,1246,289
1010,72,157,51,187,1249
1011,378,209,455,498,486
1012,498,209,486,233,537
1014,461,288,289,498,89
1015,622,154,217,65,227
1016,195,159,154,3616,51
1017,292,289,701,67,89
1018,503,188,821,923,614
1019,289,701,190,67,89
1020,498,378,227,461,1541
1021,72,203,163,227,614
1022,89,289,544,292,157
1023,89,289,300,288,67
1024,289,1104,378,1246,377
1025,227,614,1249,154,917
1026,378,903,1104,455,198
1027,289,89,288,67,292
1028,498,89,289,300,377
1029,959,163,154,227,599
1030,841,1547,917,4498,1541
1032,227,735,163,154,959
1033,292,288,289,67,89
1034,475,292,701,1444,288
1035,72,59,618,154,203
1036,203,227,1249,154,533
1037,163,2343,227,707,614
1038,51,187,72,159,511
1039,89,498,289,475,288
1040,498,209,56,190,412
1041,498,173,1104,289,461
1042,289,89,67,292,498
1044,227,735,154,207,959
1046,89,289,292,288,67
1047,622,223,859,544,4230
1049,190,154,72,227,207
1050,154,748,418,1098,199
1051,154,614,498,190,227
1052,486,65,234,56,190
1053,288,289,89,67,300
1054,418,154,1098,614,898
1055,498,333,461,289,89
1056,289,679,498,461,2548
1057,701,55,289,292,67
1058,289,89,292,67,461
1060,188,418,154,163,2572
1061,498,966,227,614,190
1062,614,157,56,843,701
1063,195,173,225,154,1098
1064,378,959,2343,163,917
1065,292,378,289,288,257
1067,163,903,51,159,72
1068,412,209,230,498,614
1069,89,701,289,288,292
1070,498,687,412,207,289
1071,288,289,67,498,89
1072,461,289,89,701,288
1073,511,227,717,163,212
1074,67,227,511,289,163
1075,154,173,1098,72,190
1076,288,475,331,1444,89
1078,917,918,1412,922,707
1079,1672,227,498,1249,707
1080,288,289,67,89,461
1081,190,154,498,227,207
1082,89,289,227,207,292
1083,289,291,498,89,288
1084,190,56,154,163,173
1085,418,154,444,498,622
1086,227,683,498,614,190
1087,225,207,72,441,424
1088,498,461,289,1541,89
1089,72,51,511,173,159
1090,245,3138,9836,295,468
1091,498,486,378,173,289
1092,288,292,289,701,89
1093,1104,1339,503,930,188
1094,511,51,72,190,227
1097,289,67,89,288,292
1098,72,511,614,1244,689
1099,72,51,173,511,190
1100,154,233,190,227,2624
1101,227,154,748,190,152
1102,289,288,67,89,292
1103,295,289,89,288,292
1104,257,55,289,157,67
1106,289,67,89,292,288
1107,498,475,503,209,288
1108,1098,748,154,614,418
1109,289,292,67,288,89
1110,188,707,917,377,498
1111,498,1541,190,377,300
1112,154,217,233,190,512
1113,292,89,289,295,67
1114,190,154,498,207,511
1115,1,10991,10977,10978,10979
1116,295,288,289,89,257
1118,72,498,154,190,173
1119,344,288,289,89,300
1120,289,288,67,89,292
1121,2446,7152,961,910,154
1122,344,289,498,288,89
1123,1504,154,429,6906,2572
1124,498,288,461,289,89
1125,159,72,51,1083,30
1126,498,1672,614,257,209
1128,344,289,333,498,89
1130,65,190,154,72,225
1131,289,89,461,498,288
1132,289,292,67,89,498
1133,207,190,154,56,163
1134,300,289,190,89,288
1135,89,289,292,67,288
1136,289,89,292,466,288
1137,67,288,289,89,55
1138,163,614,562,152,717
1139,289,67,89,292,288
1140,154,227,599,615,614
1143,289,455,378,701,67
1144,227,212,163,1369,562
1145,289,89,300,458,288
1146,378,486,498,289,680
1147,503,56,1339,227,188
1148,717,187,163,72,67
1149,72,51,173,227,511
1150,344,289,288,89,291
1151,511,65,533,499,190
1152,154,190,72,227,614
1153,614,227,190,173,154
1154,2044,93,72,1886,2446
1155,56,154,1943,227,163
1156,72,190,154,51,173
1157,486,378,498,289,2940
1158,498,1672,504,209,461
1159,163,687,614,188,503
1160,498,1672,461,2850,1541
1161,89,498,289,344,292
1163,511,154,72,190,599
1164,1062,1098,72,89,64
1165,72,614,511,51,1131
1166,220,190,768,227,198
1167,424,207,190,154,227
1170,89,227,289,67,498
1171,292,89,289,288,67
1172,72,289,67,89,163
1173,72,51,154,1001,599
1174,917,1249,707,918,923
1176,190,687,498,230,377
1177,1470,498,4177,3859,89
1178,289,67,89,461,292
1179,289,89,300,288,67
1180,288,475,331,295,1444
1181,599,72,154,51,2026
1182,418,1098,512,154,233
1183,234,498,2850,412,1186
1184,292,701,289,55,67
1185,289,55,67,89,292
1186,289,89,67,292,55
1187,163,227,1098,154,614
1188,89,288,289,67,292
1189,292,55,289,67,89
1190,154,56,190,88,1396
1191,72,163,56,220,227
1192,614,511,227,1131,163
1193,227,154,1984,9928,868
1194,72,154,67,289,190
1195,154,190,227,418,1098
1196,498,614,190,198,982
1197,257,461,289,292,89
1198,89,498,289,292,300
1199,227,190,154,959,735
1200,51,72,511,190,227
1202,72,51,159,511,190
1204,227,748,154,603,475
1205,1,10991,10977,10978,10979
1206,163,1372,1369,959,227
1207,917,920,918,614,188
1209,72,227,51,154,735
1210,51,511,72,190,67
1211,72,51,173,511,159
1212,56,227,233,65,154
1213,190,1084,154,498,72
1214,378,455,486,498,289
1215,300,157,289,701,89
1216,190,498,687,154,1541
1217,1383,618,203,8047,154
1219,289,67,511,89,55
1220,292,67,289,378,89
1221,412,498,207,230,229
1222,67,89,289,292,257
1223,72,51,173,511,8388
1224,227,735,163,868,1412
1225,511,173,190,72,289
1226,289,378,67,701,55
1228,163,227,154,614,152
1229,72,89,378,289,51
1230,618,163,13947,154,1790
1231,511,67,917,289,63
1232,51,72,159,154,441
1233,67,289,55,89,292
1234,289,89,72,292,67
1235,51,230,1246,289,190
1236,614,475,163,152,10526
1237,89,289,67,207,292
1238,436,418,227,154,190
1239,227,203,533,154,207
1240,207,154,418,190,227
1242,1249,735,227,614,917
1243,614,154,190,234,843
1244,475,13416,701,1444,289
1245,486,498,378,289,89
1246,289,292,55,67,89
1247,289,292,89,67,55
1248,903,289,89,291,257
1249,51,157,159,72,701
1253,289,498,288,67,89
1254,154,188,503,707,190
1255,89,289,55,67,292
1256,511,51,72,190,227
1258,203,234,72,429,227
1259,498,209,195,377,227
1261,154,207,3057,227,1424
1262,793,289,344,681,7391
1263,289,67,89,292,288
1264,227,163,959,735,511
1265,203,533,207,227,154
1266,1,10991,10977,10978,10979
1267,498,917,378,412,227
1270,227,89,687,289,498
1271,227,735,163,67,203
1272,498,292,289,300,378
1273,154,300,229,72,56
1274,614,163,227,735,1249
1275,163,190,227,903,735
1276,412,429,72,441,498
1277,190,533,154,227,207
1278,498,288,289,89,300
1279,190,154,227,498,65
1280,511,154,55,701,289
1281,498,188,614,152,920
1282,289,157,67,190,701
1283,289,89,344,292,288
1284,227,748,154,1098,603
1286,207,173,225,154,72
1287,923,1249,188,917,918
1288,227,207,1672,154,190
1289,154,190,227,418,207
1290,961,1098,2277,89,173
1291,67,289,227,55,89
1292,461,289,681,1400,498
1293,498,1672,209,190,503
1294,289,291,292,89,67
1295,207,195,227,424,190
1296,163,923,188,154,821
1298,289,292,67,89,288
1299,289,89,292,67,288
1300,288,289,257,466,300
1301,289,67,89,292,55
1302,154,190,903,227,207
1303,190,154,195,207,227
1304,289,461,89,67,292
1305,89,289,288,292,67
1307,89,289,292,67,288
1308,289,67,89,55,292
1309,190,1104,233,154,220
1310,289,498,89,67,292
1311,257,89,289,292,701
1312,498,198,2940,190,830
1313,154,190,227,199,65
1315,603,2143,2144,2147,2150
1316,89,679,498,289,461
1318,89,289,67,292,288
1319,207,511,230,203,1400
1321,227,229,706,903,207
1322,748,233,498,154,188
1323,498,486,412,687,378
1324,383,917,592,4821,1535
1325,614,383,226,1131,154
1327,51,72,159,511,190
1329,511,51,72,533,190
1330,220,190,227,198,207
1331,227,439,163,152,903
1332,89,289,292,67,288
1333,227,203,207,154,190
1334,543,289,89,288,292
1335,748,744,603,154,616
1336,72,51,163,203,154
1337,289,72,67,89,292
1339,498,461,89,1541,679
1340,707,843,1249,4821,383
1342,707,1412,227,917,163
1343,289,67,55,51,89
1345,157,227,959,1244,701
1346,344,486,1186,816,498
1347,7056,580,565,8108,728
1348,333,289,288,466,498
1349,173,190,72,289,1505
1350,917,163,56,918,227
1351,89,289,288,679,300
1352,233,498,1104,1044,1131
1353,233,1672,1044,498,816
1354,195,207,154,190,227
1355,227,154,190,229,207
1356,289,292,67,89,701
1357,1513,234,592,917,227
1358,378,190,498,1672,188
1360,207,154,424,217,227
1362,227,4821,503,383,707
1363,498,486,461,289,190
1364,227,959,735,154,207
1365,289,67,288,89,292
1366,300,289,89,288,466
1367,466,289,701,288,89
1368,486,289,378,498,89
1369,289,498,344,89,461
1371,755,3227,234,617,190
1372,498,207,227,190,540
1373,203,1244,227,7,5267
1374,289,498,333,234,230
1375,163,614,717,562,227
1376,486,498,378,207,412
1377,289,209,195,498,615
1378,163,154,227,614,418
1379,289,344,89,67,701
1380,486,173,533,229,190
1381,289,418,67,89,292
1382,229,289,1943,190,234
1383,154,227,190,207,1098
1384,89,289,1505,234,173
1385,289,1904,344,679,292
1386,378,903,455,486,289
1387,486,65,498,190,378
1388,498,300,89,289,288
1389,190,154,65,533,227
1390,89,207,163,289,1400
1393,757,378,498,487,1983
1394,289,67,288,89,292
1395,203,56,288,331,154
1396,917,163,614,868,918
1397,2343,2342,917,959,706
1398,614,498,289,533,3057
1399,292,679,288,289,89
1401,157,295,289,89,498
1402,163,227,436,614,154
1403,289,903,498,89,207
1404,154,227,190,207,199
1405,207,195,154,227,88
1406,228,154,227,207,2179
1407,65,190,154,533,207
1408,2179,475,1444,6622,3357
1410,344,289,288,89,300
1411,154,163,67,190,227
1413,288,289,55,67,89
1414,436,65,190,154,533
1416,207,229,190,533,227
1418,498,190,289,292,461
1419,475,701,1444,288,289
1420,227,173,154,207,735
1421,227,599,72,51,436
1422,190,511,498,486,154
1423,288,289,89,292,257
1424,227,498,190,154,163
1425,89,289,3057,4230,498
1426,295,289,89,292,288
1427,72,51,511,159,173
1428,333,207,707,227,289
1429,292,289,295,701,89
1430,227,154,190,65,1400
1431,2044,930,1688,4149,257
1432,82,3768,30,8388,1001
1433,289,67,257,89,292
1434,67,289,302,89,292
1435,257,289,292,89,295
1437,498,89,289,461,295
1438,154,190,227,1400,229
1439,72,154,190,233,227
1440,289,378,67,89,292
1441,207,227,154,190,1400
1442,498,503,1541,830,190
1443,959,227,163,868,706
1444,498,461,289,89,333
1445,289,67,89,55,292
1446,89,486,289,466,288
1447,300,289,89,288,292
1449,227,154,735,207,959
1450,89,289,292,67,498
1451,292,89,289,288,257
1452,498,1034,289,681,461
1453,289,89,67,461,292
1454,72,511,51,159,1001
1455,289,498,288,67,89
1456,187,51,63,55,289
1457,498,461,289,288,89
1458,289,89,67,498,288
1459,163,707,154,429,227
1461,378,89,498,289,333
1462,292,288,289,89,300
1463,903,227,154,1062,207
1464,173,72,190,289,1505
1465,288,289,701,300,679
1466,289,292,67,89,288
1467,455,378,289,67,89
1469,89,289,67,190,292
1470,227,418,154,1098,6410
1471,498,55,289,67,288
1472,72,518,56,289,51
1473,227,498,288,903,289
1474,748,88,1109,154,603
1475,295,288,89,289,292
1476,498,289,89,288,687
1477,748,2673,498,11200,2681
1478,701,289,466,498,89
1479,412,1186,498,198,207
1480,89,300,289,288,190
1481,209,377,498,1186,190
1483,89,498,72,289,198
1484,841,190,1547,614,808
1485,289,67,227,89,679
1486,159,51,65,1249,72
1488,1249,923,188,918,1803
1489,292,486,289,67,89
1490,503,377,498,190,806
1491,289,173,89,67,56
1492,498,89,289,288,292
1493,89,289,292,67,288
1494,157,227,701,289,65
1495,154,1504,1418,4230,418
1496,72,51,173,511,8388
1497,1411,227,2624,4790,163
1498,72,599,51,429,154
1499,235,163,15027,562,734
1500,289,172,67,173,1505
1501,8292,503,809,4003,1541
1502,88,1396,1390,3025,2572
1503,233,154,157,1131,544
1504,154,190,88,207,227
1505,72,378,51,173,511
1506,190,203,154,195,225
1507,475,88,1396,701,1444
1508,227,190,203,207,154
1509,498,289,190,288,207
1511,89,288,289,378,679
1513,190,173,229,154,289
1514,72,63,51,163,187
1515,257,89,289,344,292
1516,89,288,289,67,292
1517,292,288,257,289,89
1518,195,154,227,190,212
1519,190,511,289,207,498
1520,89,289,67,207,292
1521,289,498,300,89,333
1522,227,1400,207,154,903
1524,227,89,511,289,190
1525,292,89,289,344,300
1527,190,207,154,498,65
1528,292,289,89,67,288
1530,511,1104,198,190,220
1531,917,1369,841,707,1358
1532,289,701,67,89,300
1533,289,257,288,89,67
1534,163,917,614,498,717
1535,89,498,289,333,292
1536,917,918,1104,841,707
1537,300,289,498,466,89
1538,227,154,190,65,1098
1539,498,207,190,461,227
1540,289,701,67,288,89
1541,72,67,511,289,1001
1542,72,157,701,227,683
1543,917,188,936,918,190
1544,378,292,89,289,67
1545,154,903,65,190,227
1546,190,173,154,89,289
1547,498,207,190,154,418
1549,903,207,163,227,154
1551,233,154,163,190,72
1552,288,455,289,378,89
1553,289,378,288,67,89
1554,163,207,227,903,868
1555,289,292,67,288,701
1556,227,190,154,188,207
1557,154,748,190,603,227
1558,486,89,289,498,378
1559,475,207,1444,701,288
1560,89,67,289,292,55
1562,1249,923,234,1672,227
1563,289,701,55,67,89
1564,289,67,89,288,292
1565,614,207,154,1131,163
1566,227,154,207,229,190
1567,190,289,498,89,378
1568,292,227,289,89,378
1570,498,289,333,163,89
1572,289,89,292,67,288
1573,498,190,533,227,154
1574,511,154,207,190,227
1575,154,227,163,190,706
1576,289,190,67,89,292
1577,288,289,89,344,295
1578,89,289,67,292,288
1579,903,173,56,533,439
1580,89,289,291,288,157
1581,228,439,533,207,227
1582,498,154,190,461,227
1583,173,378,154,614,289
1584,486,333,687,289,498
1585,51,72,159,190,511
1586,917,707,918,1249,923
1587,67,289,55,154,89
1588,344,288,289,679,89
1589,498,1672,687,190,917
1590,289,89,67,292,288
1591,498,289,288,292,89
1592,378,1249,533,1104,917
1593,295,289,288,292,89
1594,498,154,614,190,227
1595,163,868,227,614,562
1596,227,735,959,1412,163
1597,56,227,735,229,72
1599,816,1672,1180,207,195
1600,289,89,67,55,288
1601,173,72,429,154,289
1604,486,1081,378,498,289
1605,288,289,701,300,89
1606,498,292,289,461,257
1607,289,292,498,89,67
1608,289,67,292,89,288
1611,72,51,998,1014,6776
1613,498,537,486,333,461
1614,89,190,289,288,292
1615,227,220,190,207,486
1616,289,67,55,498,288
1617,599,72,51,227,1001
1618,6724,72,220,51,614
1619,378,72,227,233,504
1620,89,344,289,227,288
1621,67,55,289,89,961
1622,441,72,227,1504,599
1623,190,154,188,614,498
1624,618,203,154,604,88
1625,157,701,544,289,51
1626,227,51,159,72,154
1627,1249,707,959,227,706
1628,89,289,543,288,461
1629,511,190,377,157,154
1630,511,614,163,88,154
1632,89,289,288,461,300
1633,67,289,55,89,292
1634,609,227,533,203,418
1635,511,614,72,190,154
1636,289,89,498,288,67
1637,195,154,72,441,173
1638,4230,154,418,1411,227
1639,917,333,289,959,227
1640,917,918,922,1249,592
1641,511,227,1244,735,67
1642,72,51,173,511,8388
1643,51,227,190,72,159
1644,163,1081,930,227,959
1646,289,89,67,295,292
1647,289,67,89,292,288
1648,679,289,498,295,89
1649,486,378,289,292,498
1650,159,51,234,418,72
1652,289,67,89,455,292
1653,599,72,51,159,295
1654,615,614,154,199,195
1655,163,152,614,920,188
1656,203,227,903,154,173
1657,1412,227,605,154,707
1658,333,289,498,461,292
1659,89,292,289,67,288
1660,234,227,512,1369,1412
1661,498,190,227,207,461
1662,227,288,331,475,1444
1663,289,257,67,89,292
1664,498,461,1541,679,370
1665,498,488,830,614,978
1666,289,55,461,67,257
1667,71,67,55,3501,333
1669,72,707,1104,1246,533
1670,377,498,3859,190,486
1671,707,917,841,918,706
1672,72,441,533,227,154
1674,190,89,289,173,498
1675,461,289,498,701,89
1676,227,220,190,1249,65
1677,512,293,289,217,498
1678,679,498,289,288,300
1679,190,486,498,173,154
1680,227,2300,154,67,735
1682,498,461,289,89,1541
1683,227,190,154,163,173
1684,378,455,289,498,67
1685,89,67,289,220,154
1686,89,300,289,288,412
1687,288,289,89,300,292
1688,1098,423,154,89,67
1689,748,154,53,433,59
1690,289,67,288,89,292
1691,56,511,207,190,163
1692,511,227,67,190,289
1693,289,67,89,292,288
1694,475,229,288,331,267
1695,190,203,533,207,439
1696,163,227,614,717,917
1697,163,614,227,717,562
1699,475,288,701,1444,289
1700,163,599,51,72,159
1701,486,195,418,163,154
1702,227,163,735,614,562
1703,486,378,1672,498,377
1704,89,289,906,67,292
1705,225,154,207,227,190
1706,89,56,289,2102,67
1707,227,207,154,735,959
1708,89,154,227,533,190
1709,227,72,1244,735,2624
1710,7,1244,173,378,289
1711,599,72,154,1075,51
1712,163,614,917,227,717
1715,378,173,903,289,89
1717,378,292,288,89,498
1718,295,289,300,89,288
1719,56,2086,2101,170,701
1720,72,429,154,173,51
1721,5267,6452,212,2902,1244
1722,289,67,288,89,55
1723,265,1098,1130,418,748
1724,51,67,289,55,190
1725,288,289,344,89,67
1726,288,701,289,67,300
1727,190,154,498,229,207
1728,190,65,154,72,498
1729,154,190,227,159,207
1730,89,292,289,288,67
1731,1,10991,10977,10978,10979
1732,2531,429,72,8388,154
1733,843,923,707,230,917
1734,295,289,292,89,288
1736,701,67,289,288,466
1737,614,1116,190,1131,198
1740,154,207,157,190,67
1741,157,190,486,701,289
1742,289,67,89,288,292
1743,1541,498,816,1868,2210
1744,511,65,190,51,227
1745,227,498,207,154,735
1746,72,511,67,154,289
1747,154,190,418,1098,227
1748,498,288,289,300,89
1749,227,959,234,212,220
1751,418,154,632,1098,4230
1752,56,72,154,163,190
1753,89,289,67,288,292
1754,707,917,163,188,614
1755,154,190,2026,227,207
1757,292,288,289,89,67
1759,198,190,707,816,377
1760,498,72,173,233,917
1761,511,475,157,701,289
1762,289,67,701,288,292
1764,227,154,735,959,207
1765,289,67,55,89,288
1766,292,89,289,67,288
1768,289,292,89,67,461
1769,289,292,67,89,300
1770,466,2179,289,288,701
1771,289,67,89,292,288
1772,220,412,190,227,228
1773,89,288,289,67,292
1774,173,195,1672,2840,1186
1775,72,51,1001,511,159
1776,89,292,289,288,67
1777,89,72,153,67,1001
1778,190,207,154,498,227
1779,755,506,917,227,188
1780,289,292,498,67,89
1781,227,1244,959,735,154
1782,333,289,475,302,67
1783,614,498,163,1131,152
1784,207,227,687,190,154
1785,154,190,207,227,65
1786,89,257,289,288,292
1787,511,227,614,917,1249
1788,89,289,461,292,701
1789,217,207,154,533,190
1790,289,227,67,55,89
1791,289,288,67,292,89
1792,227,163,1412,735,959
1793,475,439,289,288,292
1794,377,498,190,1541,89
1795,292,289,154,300,89
1796,1246,1104,289,207,209
1797,154,227,173,190,229
1798,190,227,72,154,51
1799,289,295,288,89,67
1800,190,1401,154,2491,227
1801,53,154,51,52,748
1802,498,1246,412,1104,190
1803,679,344,289,498,89
1804,486,498,173,190,227
1805,227,154,190,207,903
1806,154,89,418,486,533
1807,217,4230,207,632,418
1808,292,289,288,89,300
1809,917,230,1672,498,289
1810,89,289,67,292,288
1811,67,289,288,903,89
1813,300,289,679,89,288
1814,72,207,533,614,154
1815,288,154,163,190,289
1816,72,154,190,429,498
1817,67,289,89,55,292
1818,229,289,72,190,1001
1819,295,288,289,475,257
1820,289,67,89,292,288
1821,289,292,89,67,288
1822,1513,234,4821,227,707
1823,498,511,190,227,300
1824,227,190,89,533,154
1825,498,89,289,816,292
1826,89,288,289,67,292
1827,72,631,5079,1707,10162
1828,289,89,67,288,292
1829,289,292,486,67,89
1830,498,903,207,190,227
1831,227,207,154,917,190
1832,903,227,207,154,439
1833,89,292,289,295,67
1834,344,289,461,681,288
1835,292,56,190,289,67
1836,198,88,190,207,227
1838,292,55,289,67,288
1839,917,227,1369,918,923
1840,511,289,961,378,89
1841,1104,522,190,1297,72
1842,227,154,1672,190,498
1844,89,701,289,288,154
1845,51,227,959,72,190
1846,227,289,461,498,344
1847,8108,8109,8110,565,728
1848,227,154,190,207,533
1850,289,67,288,55,292
1851,289,67,89,292,288
1852,2044,89,378,289,2051
1853,89,289,292,67,288
1854,250,234,1755,154,475
1855,190,173,154,498,72
1856,289,292,67,89,55
1857,6836,217,190,498,195
1858,917,918,1369,843,923
1859,429,154,196,227,72
1860,917,918,1369,923,707
1861,512,199,2026,154,2531
1862,475,207,533,701,1048
1863,461,289,292,701,466
1864,227,154,162,1412,190
1865,512,378,233,234,7
1866,67,89,227,289,65
1867,230,498,289,1047,300
1868,917,163,918,1369,922
1869,289,67,55,89,292
1871,292,289,67,295,89
1872,498,687,461,1045,289
1873,378,67,289,455,288
1874,4230,198,154,707,9666
1875,154,173,190,65,227
1877,56,1246,498,418,207
1879,190,227,707,154,498
1880,498,289,378,89,461
1881,51,72,159,511,190
1882,204,2521,907,6376,241
1883,333,51,289,159,599
1885,418,154,1098,1727,614
1887,707,154,188,190,1119
1888,748,378,486,88,489
1889,163,1369,227,917,1372
1890,475,234,378,1444,486
1891,2667,154,748,378,81
1892,227,533,289,333,498
1893,1,10991,10977,10978,10979
1894,288,289,67,89,292
1895,289,89,295,292,288
1896,154,418,173,190,227
1897,707,917,918,843,1412
1898,461,289,89,498,701
1899,72,378,701,289,173
1900,67,203,227,289,51
1902,89,289,288,292,67
1903,289,67,55,89,292
1904,355,89,65,190,366
1905,203,227,154,436,190
1906,498,289,89,67,300
1907,154,190,227,533,1098
1908,289,292,89,67,288
1909,289,67,498,89,55
1910,89,67,289,292,55
1911,154,190,65,227,207
1912,475,2179,1444,701,288
1914,511,163,227,614,562
1915,475,701,89,289,1444
1917,679,295,289,89,288
1918,288,154,475,289,190
1919,207,190,903,227,424
1920,498,679,89,289,486
1921,498,475,288,289,701
1922,190,154,207,65,227
1923,614,475,1098,707,701
1924,498,486,378,461,289
1925,498,1541,190,461,466
1926,64,1081,67,89,55
1928,67,289,55,89,292
1929,72,163,2044,917,959
1930,2100,1919,1923,8,396
1931,748,227,868,65,190
1933,163,227,614,154,562
1934,2102,375,289,89,3324
1935,498,1672,486,461,190
1936,207,424,154,190,227
1937,498,486,679,461,289
1938,424,207,217,227,190
1939,63,1412,65,227,190
1941,687,1672,498,1048,207
1942,533,72,154,227,190
1944,917,227,918,923,1249
1946,2044,257,289,55,903
1947,498,1104,614,1246,190
1948,89,486,289,498,378
1949,207,227,190,533,203
1950,498,378,233,154,190
1951,412,88,154,1396,207
1952,227,207,903,154,190
1954,292,289,89,67,295
1955,154,190,229,207,225
1956,89,187,511,63,289
1957,289,292,67,89,257
1958,72,227,154,233,898
1959,89,289,292,288,67
1961,344,289,288,498,89
1962,225,154,1062,757,72
1963,289,344,461,288,89
1964,72,424,207,190,154
1965,289,67,89,55,257
1966,533,614,65,190,227
1968,614,1249,917,227,163
1969,1541,1868,2210,2242,470
1971,918,917,923,188,1249
1972,203,154,152,603,614
1973,289,67,292,89,288
1974,227,56,2044,173,207
1975,154,190,227,207,533
1976,163,614,2300,717,227
1977,154,227,418,190,207
1978,707,917,511,918,843
1979,67,289,288,55,292
1980,227,498,614,65,190
1981,65,190,182,511,154
1982,72,173,163,154,190
1983,67,289,55,1098,89
1984,498,917,300,377,289
1986,163,227,917,706,959
1987,72,190,51,707,159
1988,292,701,289,466,89
1989,227,2624,72,13498,1414
1990,3227,617,475,234,1979
1991,233,1131,72,154,1104
1992,154,190,65,429,227
1993,898,3057,154,89,289
1994,227,89,903,289,599
1995,498,486,2850,378,89
1996,378,56,455,486,498
1997,227,154,735,207,163
1998,511,190,51,72,533
1999,157,439,701,227,504
2000,288,67,475,289,89
2001,707,614,1672,917,843
2003,233,748,2446,867,154
2004,190,498,154,1541,65
2005,1411,603,81,227,154
2006,603,748,64,1983,744
2007,227,475,154,707,1444
2008,207,190,227,378,424
2009,207,227,190,903,154
2010,154,614,190,533,173
2011,207,65,190,63,227
2013,190,207,154,498,227
2014,511,51,72,187,1249
2015,163,188,917,227,707
2016,82,58,238,1001,30
2017,56,498,163,88,1098
2018,292,289,67,89,288
2019,498,461,190,89,289
2020,498,89,190,289,295
2021,89,288,289,300,344
2022,486,89,289,498,378
2023,292,289,89,344,67
2024,72,511,51,173,8388
2025,72,511,51,917,1001
2027,289,498,292,89,67
2028,72,603,51,748,173
2029,72,51,173,511,614
2030,154,475,418,190,227
2031,292,288,378,289,55
2032,67,154,289,418,227
2033,89,498,289,292,67
2034,89,227,154,289,190
2035,227,212,154,163,1414
2036,227,599,3057,154,51
2037,67,289,288,89,55
2038,300,289,679,89,288
2039,67,289,498,511,55
2040,289,344,461,89,288
2041,511,498,190,51,72
2042,533,707,163,227,190
2043,2850,412,2572,498,1541
2044,154,423,190,89,227
2045,424,190,207,173,868
2046,1104,1246,190,289,233
2047,72,51,173,511,1001
2048,2044,3859,2051,1602,1470
2051,159,51,72,154,511
2052,163,614,227,562,72
2053,89,289,378,67,292
2054,498,292,89,289,288
2055,72,300,157,378,289
2056,378,701,289,518,466
2057,300,56,289,89,288
2058,89,289,300,292,302
2059,89,289,288,67,292
2060,707,614,917,918,198
2061,289,295,288,89,292
2062,190,65,154,498,227
2064,679,486,498,289,302
2065,289,89,288,67,292
2066,504,1104,1246,1704,72
2067,498,1541,503,2608,1195
2068,89,289,300,378,55
2069,486,378,498,289,292
2070,498,486,461,190,289
2071,889,67,4880,289,89
2072,344,89,289,288,257
2075,72,289,292,67,288
2076,498,461,289,701,89
2077,498,486,89,289,1104
2078,1104,1098,439,227,220
2079,344,89,498,289,288
2080,51,53,72,154,52
2081,1400,204,289,227,65
2083,227,157,154,701,51
2084,207,190,227,154,424
2086,154,173,190,227,72
2087,292,295,289,288,486
2088,288,289,295,300,89
2090,233,868,234,72,227
2091,972,288,289,89,3109
2092,207,227,190,1512,154
2093,917,1372,163,2342,868
2094,344,289,461,300,288
2095,8425,8424,917,8427,2342
2096,190,203,173,154,227
2097,207,511,154,190,227
2099,1835,603,154,238,10522
2100,1109,841,917,3502,188
